# batch_id=B-PARTNER_BETA-BANK-20240115,partner_code=PARTNER_BETA,business_date=2024-01-15,declared_count=198,declared_amount_paise=104221927
loan_reference,amount_paise,status,timestamp,utr_reference,event_type,correlation_id,business_event_id
LOAN-000021,892740,SUCCESS,2024-01-15T11:55Z,UTR-LOAN-000021-529,SETTLEMENT_DEBIT,CORR-LOAN-000021,EVT-LOAN-000021
LOAN-000030,356266,SUCCESS,2024-01-15T10:37Z,UTR-LOAN-000030-290,SETTLEMENT_DEBIT,CORR-LOAN-000030,EVT-LOAN-000030
LOAN-000060,502806,SUCCESS,2024-01-15T13:45Z,UTR-LOAN-000060-526,SETTLEMENT_DEBIT,CORR-LOAN-000060,EVT-LOAN-000060
LOAN-000063,814016,SUCCESS,2024-01-15T16:09Z,UTR-LOAN-000063-823,SETTLEMENT_DEBIT,CORR-LOAN-000063,EVT-LOAN-000063
LOAN-000103,210206,SUCCESS,2024-01-15T10:10Z,UTR-LOAN-000103-953,SETTLEMENT_DEBIT,CORR-LOAN-000103,EVT-LOAN-000103
LOAN-000120,872469,SUCCESS,2024-01-15T12:40Z,UTR-LOAN-000120-495,SETTLEMENT_DEBIT,CORR-LOAN-000120,EVT-LOAN-000120
LOAN-000123,343815,SUCCESS,2024-01-15T15:48Z,UTR-LOAN-000123-564,SETTLEMENT_DEBIT,CORR-LOAN-000123,EVT-LOAN-000123
LOAN-000124,776076,SUCCESS,2024-01-15T12:36Z,UTR-LOAN-000124-227,SETTLEMENT_DEBIT,CORR-LOAN-000124,EVT-LOAN-000124
LOAN-000130,657556,SUCCESS,2024-01-15T12:14Z,UTR-LOAN-000130-397,SETTLEMENT_DEBIT,CORR-LOAN-000130,EVT-LOAN-000130
LOAN-000163,101488,SUCCESS,2024-01-15T14:37Z,UTR-LOAN-000163-10,SETTLEMENT_DEBIT,CORR-LOAN-000163,EVT-LOAN-000163
LOAN-000165,266994,SUCCESS,2024-01-15T10:57Z,UTR-LOAN-000165-124,SETTLEMENT_DEBIT,CORR-LOAN-000165,EVT-LOAN-000165
LOAN-000176,586086,SUCCESS,2024-01-15T13:01Z,UTR-LOAN-000176-643,SETTLEMENT_DEBIT,CORR-LOAN-000176,EVT-LOAN-000176
LOAN-000193,732586,SUCCESS,2024-01-15T17:02Z,UTR-LOAN-000193-781,SETTLEMENT_DEBIT,CORR-LOAN-000193,EVT-LOAN-000193
LOAN-000200,895051,SUCCESS,2024-01-15T10:39Z,UTR-LOAN-000200-65,SETTLEMENT_DEBIT,CORR-LOAN-000200,EVT-LOAN-000200
LOAN-000207,122862,SUCCESS,2024-01-15T16:50Z,UTR-LOAN-000207-894,SETTLEMENT_DEBIT,CORR-LOAN-000207,EVT-LOAN-000207
LOAN-000209,639343,SUCCESS,2024-01-15T13:14Z,UTR-LOAN-000209-612,SETTLEMENT_DEBIT,CORR-LOAN-000209,EVT-LOAN-000209
LOAN-000220,640524,SUCCESS,2024-01-15T13:40Z,UTR-LOAN-000220-597,SETTLEMENT_DEBIT,CORR-LOAN-000220,EVT-LOAN-000220
LOAN-000228,561173,SUCCESS,2024-01-15T16:50Z,UTR-LOAN-000228-29,SETTLEMENT_DEBIT,CORR-LOAN-000228,EVT-LOAN-000228
LOAN-000232,572285,SUCCESS,2024-01-15T12:34Z,UTR-LOAN-000232-244,SETTLEMENT_DEBIT,CORR-LOAN-000232,EVT-LOAN-000232
LOAN-000235,448188,SUCCESS,2024-01-15T10:39Z,UTR-LOAN-000235-15,SETTLEMENT_DEBIT,CORR-LOAN-000235,EVT-LOAN-000235
LOAN-000237,453558,SUCCESS,2024-01-15T14:56Z,UTR-LOAN-000237-257,SETTLEMENT_DEBIT,CORR-LOAN-000237,EVT-LOAN-000237
LOAN-000254,280009,SUCCESS,2024-01-15T14:36Z,UTR-LOAN-000254-717,SETTLEMENT_DEBIT,CORR-LOAN-000254,EVT-LOAN-000254
LOAN-000266,481827,SUCCESS,2024-01-15T16:38Z,UTR-LOAN-000266-603,SETTLEMENT_DEBIT,CORR-LOAN-000266,EVT-LOAN-000266
LOAN-000274,861190,SUCCESS,2024-01-15T13:36Z,UTR-LOAN-000274-700,SETTLEMENT_DEBIT,CORR-LOAN-000274,EVT-LOAN-000274
LOAN-000278,283656,SUCCESS,2024-01-15T16:09Z,UTR-LOAN-000278-629,SETTLEMENT_DEBIT,CORR-LOAN-000278,EVT-LOAN-000278
LOAN-000288,631643,SUCCESS,2024-01-15T09:44Z,UTR-LOAN-000288-979,SETTLEMENT_DEBIT,CORR-LOAN-000288,EVT-LOAN-000288
LOAN-000294,943477,SUCCESS,2024-01-15T15:48Z,UTR-LOAN-000294-430,SETTLEMENT_DEBIT,CORR-LOAN-000294,EVT-LOAN-000294
LOAN-000309,752568,SUCCESS,2024-01-15T14:06Z,UTR-LOAN-000309-732,SETTLEMENT_DEBIT,CORR-LOAN-000309,EVT-LOAN-000309
LOAN-000349,588396,SUCCESS,2024-01-15T13:55Z,UTR-LOAN-000349-213,SETTLEMENT_DEBIT,CORR-LOAN-000349,EVT-LOAN-000349
LOAN-000359,269507,SUCCESS,2024-01-15T17:40Z,UTR-LOAN-000359-523,SETTLEMENT_DEBIT,CORR-LOAN-000359,EVT-LOAN-000359
LOAN-000372,768665,SUCCESS,2024-01-15T11:24Z,UTR-LOAN-000372-60,SETTLEMENT_DEBIT,CORR-LOAN-000372,EVT-LOAN-000372
LOAN-000386,724062,SUCCESS,2024-01-15T15:34Z,UTR-LOAN-000386-798,SETTLEMENT_DEBIT,CORR-LOAN-000386,EVT-LOAN-000386
LOAN-000391,659865,SUCCESS,2024-01-15T10:33Z,UTR-LOAN-000391-138,SETTLEMENT_DEBIT,CORR-LOAN-000391,EVT-LOAN-000391
LOAN-000394,142906,SUCCESS,2024-01-15T10:28Z,UTR-LOAN-000394-42,SETTLEMENT_DEBIT,CORR-LOAN-000394,EVT-LOAN-000394
LOAN-000400,436264,SUCCESS,2024-01-15T13:41Z,UTR-LOAN-000400-330,SETTLEMENT_DEBIT,CORR-LOAN-000400,EVT-LOAN-000400
LOAN-000404,238374,SUCCESS,2024-01-15T10:29Z,UTR-LOAN-000404-831,SETTLEMENT_DEBIT,CORR-LOAN-000404,EVT-LOAN-000404
LOAN-000413,419656,SUCCESS,2024-01-15T12:14Z,UTR-LOAN-000413-591,SETTLEMENT_DEBIT,CORR-LOAN-000413,EVT-LOAN-000413
LOAN-000439,402565,SUCCESS,2024-01-15T16:35Z,UTR-LOAN-000439-224,SETTLEMENT_DEBIT,CORR-LOAN-000439,EVT-LOAN-000439
LOAN-000443,527990,SUCCESS,2024-01-15T15:06Z,UTR-LOAN-000443-408,SETTLEMENT_DEBIT,CORR-LOAN-000443,EVT-LOAN-000443
LOAN-000448,239528,SUCCESS,2024-01-15T17:11Z,UTR-LOAN-000448-884,SETTLEMENT_DEBIT,CORR-LOAN-000448,EVT-LOAN-000448
LOAN-000450,541349,SUCCESS,2024-01-15T15:19Z,UTR-LOAN-000450-649,SETTLEMENT_DEBIT,CORR-LOAN-000450,EVT-LOAN-000450
LOAN-000453,875607,SUCCESS,2024-01-15T11:50Z,UTR-LOAN-000453-292,SETTLEMENT_DEBIT,CORR-LOAN-000453,EVT-LOAN-000453
LOAN-000486,158623,SUCCESS,2024-01-15T15:56Z,UTR-LOAN-000486-421,SETTLEMENT_DEBIT,CORR-LOAN-000486,EVT-LOAN-000486
LOAN-000492,407693,SUCCESS,2024-01-15T10:34Z,UTR-LOAN-000492-8,SETTLEMENT_DEBIT,CORR-LOAN-000492,EVT-LOAN-000492
LOAN-000495,702899,SUCCESS,2024-01-15T15:43Z,UTR-LOAN-000495-327,SETTLEMENT_DEBIT,CORR-LOAN-000495,EVT-LOAN-000495
LOAN-000505,272419,SUCCESS,2024-01-15T11:12Z,UTR-LOAN-000505-538,SETTLEMENT_DEBIT,CORR-LOAN-000505,EVT-LOAN-000505
LOAN-000542,485403,SUCCESS,2024-01-15T16:32Z,UTR-LOAN-000542-217,SETTLEMENT_DEBIT,CORR-LOAN-000542,EVT-LOAN-000542
LOAN-000560,785304,SUCCESS,2024-01-15T11:38Z,UTR-LOAN-000560-50,SETTLEMENT_DEBIT,CORR-LOAN-000560,EVT-LOAN-000560
LOAN-000562,384003,SUCCESS,2024-01-15T11:59Z,UTR-LOAN-000562-47,SETTLEMENT_DEBIT,CORR-LOAN-000562,EVT-LOAN-000562
LOAN-000603,297976,SUCCESS,2024-01-15T15:41Z,UTR-LOAN-000603-884,SETTLEMENT_DEBIT,CORR-LOAN-000603,EVT-LOAN-000603
LOAN-000604,161503,SUCCESS,2024-01-15T10:18Z,UTR-LOAN-000604-681,SETTLEMENT_DEBIT,CORR-LOAN-000604,EVT-LOAN-000604
LOAN-000610,730808,SUCCESS,2024-01-15T14:45Z,UTR-LOAN-000610-678,SETTLEMENT_DEBIT,CORR-LOAN-000610,EVT-LOAN-000610
LOAN-000615,119976,SUCCESS,2024-01-15T13:19Z,UTR-LOAN-000615-590,SETTLEMENT_DEBIT,CORR-LOAN-000615,EVT-LOAN-000615
LOAN-000619,157190,SUCCESS,2024-01-15T11:55Z,UTR-LOAN-000619-613,SETTLEMENT_DEBIT,CORR-LOAN-000619,EVT-LOAN-000619
LOAN-000621,973506,SUCCESS,2024-01-15T12:21Z,UTR-LOAN-000621-475,SETTLEMENT_DEBIT,CORR-LOAN-000621,EVT-LOAN-000621
LOAN-000630,227941,SUCCESS,2024-01-15T14:15Z,UTR-LOAN-000630-704,SETTLEMENT_DEBIT,CORR-LOAN-000630,EVT-LOAN-000630
LOAN-000640,523891,SUCCESS,2024-01-15T09:27Z,UTR-LOAN-000640-838,SETTLEMENT_DEBIT,CORR-LOAN-000640,EVT-LOAN-000640
LOAN-000656,978042,SUCCESS,2024-01-15T10:18Z,UTR-LOAN-000656-415,SETTLEMENT_DEBIT,CORR-LOAN-000656,EVT-LOAN-000656
LOAN-000672,257889,SUCCESS,2024-01-15T12:40Z,UTR-LOAN-000672-815,SETTLEMENT_DEBIT,CORR-LOAN-000672,EVT-LOAN-000672
LOAN-000673,217492,SUCCESS,2024-01-15T13:20Z,UTR-LOAN-000673-984,SETTLEMENT_DEBIT,CORR-LOAN-000673,EVT-LOAN-000673
LOAN-000687,617477,SUCCESS,2024-01-15T16:32Z,UTR-LOAN-000687-521,SETTLEMENT_DEBIT,CORR-LOAN-000687,EVT-LOAN-000687
LOAN-000694,160074,SUCCESS,2024-01-15T16:51Z,UTR-LOAN-000694-799,SETTLEMENT_DEBIT,CORR-LOAN-000694,EVT-LOAN-000694
LOAN-000697,686073,SUCCESS,2024-01-15T15:26Z,UTR-LOAN-000697-921,SETTLEMENT_DEBIT,CORR-LOAN-000697,EVT-LOAN-000697
LOAN-000705,238573,SUCCESS,2024-01-15T10:23Z,UTR-LOAN-000705-987,SETTLEMENT_DEBIT,CORR-LOAN-000705,EVT-LOAN-000705
LOAN-000712,433317,SUCCESS,2024-01-15T14:47Z,UTR-LOAN-000712-483,SETTLEMENT_DEBIT,CORR-LOAN-000712,EVT-LOAN-000712
LOAN-000719,385216,SUCCESS,2024-01-15T16:15Z,UTR-LOAN-000719-626,SETTLEMENT_DEBIT,CORR-LOAN-000719,EVT-LOAN-000719
LOAN-000721,784739,SUCCESS,2024-01-15T15:51Z,UTR-LOAN-000721-467,SETTLEMENT_DEBIT,CORR-LOAN-000721,EVT-LOAN-000721
LOAN-000738,612549,SUCCESS,2024-01-15T13:15Z,UTR-LOAN-000738-803,SETTLEMENT_DEBIT,CORR-LOAN-000738,EVT-LOAN-000738
LOAN-000741,351167,SUCCESS,2024-01-15T09:23Z,UTR-LOAN-000741-542,SETTLEMENT_DEBIT,CORR-LOAN-000741,EVT-LOAN-000741
LOAN-000752,432877,SUCCESS,2024-01-15T11:47Z,UTR-LOAN-000752-902,SETTLEMENT_DEBIT,CORR-LOAN-000752,EVT-LOAN-000752
LOAN-000761,121392,SUCCESS,2024-01-15T09:13Z,UTR-LOAN-000761-97,SETTLEMENT_DEBIT,CORR-LOAN-000761,EVT-LOAN-000761
LOAN-000774,948852,SUCCESS,2024-01-15T17:12Z,UTR-LOAN-000774-778,SETTLEMENT_DEBIT,CORR-LOAN-000774,EVT-LOAN-000774
LOAN-000793,443167,SUCCESS,2024-01-15T15:43Z,UTR-LOAN-000793-164,SETTLEMENT_DEBIT,CORR-LOAN-000793,EVT-LOAN-000793
LOAN-000794,651133,SUCCESS,2024-01-15T15:45Z,UTR-LOAN-000794-881,SETTLEMENT_DEBIT,CORR-LOAN-000794,EVT-LOAN-000794
LOAN-000801,865669,SUCCESS,2024-01-15T10:02Z,UTR-LOAN-000801-386,SETTLEMENT_DEBIT,CORR-LOAN-000801,EVT-LOAN-000801
LOAN-000808,798659,SUCCESS,2024-01-15T16:05Z,UTR-LOAN-000808-642,SETTLEMENT_DEBIT,CORR-LOAN-000808,EVT-LOAN-000808
LOAN-000813,988276,SUCCESS,2024-01-15T16:27Z,UTR-LOAN-000813-32,SETTLEMENT_DEBIT,CORR-LOAN-000813,EVT-LOAN-000813
LOAN-000825,371344,SUCCESS,2024-01-15T16:28Z,UTR-LOAN-000825-681,SETTLEMENT_DEBIT,CORR-LOAN-000825,EVT-LOAN-000825
LOAN-000827,958076,SUCCESS,2024-01-15T12:18Z,UTR-LOAN-000827-874,SETTLEMENT_DEBIT,CORR-LOAN-000827,EVT-LOAN-000827
LOAN-000838,824235,SUCCESS,2024-01-15T11:32Z,UTR-LOAN-000838-427,SETTLEMENT_DEBIT,CORR-LOAN-000838,EVT-LOAN-000838
LOAN-000851,378302,SUCCESS,2024-01-15T12:09Z,UTR-LOAN-000851-962,SETTLEMENT_DEBIT,CORR-LOAN-000851,EVT-LOAN-000851
LOAN-000872,495607,SUCCESS,2024-01-15T13:40Z,UTR-LOAN-000872-366,SETTLEMENT_DEBIT,CORR-LOAN-000872,EVT-LOAN-000872
LOAN-000874,836054,SUCCESS,2024-01-15T16:28Z,UTR-LOAN-000874-365,SETTLEMENT_DEBIT,CORR-LOAN-000874,EVT-LOAN-000874
LOAN-000878,522173,SUCCESS,2024-01-15T16:10Z,UTR-LOAN-000878-371,SETTLEMENT_DEBIT,CORR-LOAN-000878,EVT-LOAN-000878
LOAN-000887,556367,SUCCESS,2024-01-15T16:32Z,UTR-LOAN-000887-220,SETTLEMENT_DEBIT,CORR-LOAN-000887,EVT-LOAN-000887
LOAN-000894,862798,SUCCESS,2024-01-15T09:51Z,UTR-LOAN-000894-572,SETTLEMENT_DEBIT,CORR-LOAN-000894,EVT-LOAN-000894
LOAN-000898,426163,SUCCESS,2024-01-15T12:41Z,UTR-LOAN-000898-762,SETTLEMENT_DEBIT,CORR-LOAN-000898,EVT-LOAN-000898
LOAN-000930,626517,SUCCESS,2024-01-15T16:37Z,UTR-LOAN-000930-934,SETTLEMENT_DEBIT,CORR-LOAN-000930,EVT-LOAN-000930
LOAN-000931,255993,SUCCESS,2024-01-15T14:05Z,UTR-LOAN-000931-139,SETTLEMENT_DEBIT,CORR-LOAN-000931,EVT-LOAN-000931
LOAN-000955,108563,SUCCESS,2024-01-15T15:27Z,UTR-LOAN-000955-992,SETTLEMENT_DEBIT,CORR-LOAN-000955,EVT-LOAN-000955
LOAN-000960,422970,SUCCESS,2024-01-15T09:42Z,UTR-LOAN-000960-390,SETTLEMENT_DEBIT,CORR-LOAN-000960,EVT-LOAN-000960
LOAN-000973,895130,SUCCESS,2024-01-15T12:11Z,UTR-LOAN-000973-546,SETTLEMENT_DEBIT,CORR-LOAN-000973,EVT-LOAN-000973
LOAN-000994,679712,SUCCESS,2024-01-15T15:30Z,UTR-LOAN-000994-869,SETTLEMENT_DEBIT,CORR-LOAN-000994,EVT-LOAN-000994
LOAN-000996,946215,SUCCESS,2024-01-15T09:27Z,UTR-LOAN-000996-706,SETTLEMENT_DEBIT,CORR-LOAN-000996,EVT-LOAN-000996
LOAN-001016,857576,SUCCESS,2024-01-15T11:36Z,UTR-LOAN-001016-414,SETTLEMENT_DEBIT,CORR-LOAN-001016,EVT-LOAN-001016
LOAN-001028,141787,SUCCESS,2024-01-15T17:03Z,UTR-LOAN-001028-280,SETTLEMENT_DEBIT,CORR-LOAN-001028,EVT-LOAN-001028
LOAN-001038,610519,SUCCESS,2024-01-15T13:12Z,UTR-LOAN-001038-47,SETTLEMENT_DEBIT,CORR-LOAN-001038,EVT-LOAN-001038
LOAN-001039,745651,SUCCESS,2024-01-15T11:24Z,UTR-LOAN-001039-712,SETTLEMENT_DEBIT,CORR-LOAN-001039,EVT-LOAN-001039
LOAN-001062,425803,SUCCESS,2024-01-15T13:03Z,UTR-LOAN-001062-609,SETTLEMENT_DEBIT,CORR-LOAN-001062,EVT-LOAN-001062
LOAN-001080,373621,SUCCESS,2024-01-15T11:47Z,UTR-LOAN-001080-580,SETTLEMENT_DEBIT,CORR-LOAN-001080,EVT-LOAN-001080
LOAN-001082,288191,SUCCESS,2024-01-15T15:35Z,UTR-LOAN-001082-390,SETTLEMENT_DEBIT,CORR-LOAN-001082,EVT-LOAN-001082
LOAN-001083,492107,SUCCESS,2024-01-15T11:32Z,UTR-LOAN-001083-862,SETTLEMENT_DEBIT,CORR-LOAN-001083,EVT-LOAN-001083
LOAN-001084,595380,SUCCESS,2024-01-15T16:48Z,UTR-LOAN-001084-665,SETTLEMENT_DEBIT,CORR-LOAN-001084,EVT-LOAN-001084
LOAN-001102,712367,SUCCESS,2024-01-15T09:29Z,UTR-LOAN-001102-733,SETTLEMENT_DEBIT,CORR-LOAN-001102,EVT-LOAN-001102
LOAN-001115,779958,SUCCESS,2024-01-15T15:54Z,UTR-LOAN-001115-77,SETTLEMENT_DEBIT,CORR-LOAN-001115,EVT-LOAN-001115
LOAN-001118,914182,SUCCESS,2024-01-15T12:58Z,UTR-LOAN-001118-497,SETTLEMENT_DEBIT,CORR-LOAN-001118,EVT-LOAN-001118
LOAN-001140,632643,SUCCESS,2024-01-15T15:05Z,UTR-LOAN-001140-745,SETTLEMENT_DEBIT,CORR-LOAN-001140,EVT-LOAN-001140
LOAN-001144,870634,SUCCESS,2024-01-15T16:55Z,UTR-LOAN-001144-475,SETTLEMENT_DEBIT,CORR-LOAN-001144,EVT-LOAN-001144
LOAN-001145,583429,SUCCESS,2024-01-15T16:08Z,UTR-LOAN-001145-64,SETTLEMENT_DEBIT,CORR-LOAN-001145,EVT-LOAN-001145
LOAN-001146,137693,SUCCESS,2024-01-15T11:38Z,UTR-LOAN-001146-900,SETTLEMENT_DEBIT,CORR-LOAN-001146,EVT-LOAN-001146
LOAN-001147,721347,SUCCESS,2024-01-15T12:39Z,UTR-LOAN-001147-686,SETTLEMENT_DEBIT,CORR-LOAN-001147,EVT-LOAN-001147
LOAN-001163,216642,SUCCESS,2024-01-15T13:41Z,UTR-LOAN-001163-708,SETTLEMENT_DEBIT,CORR-LOAN-001163,EVT-LOAN-001163
LOAN-001167,388991,SUCCESS,2024-01-15T17:02Z,UTR-LOAN-001167-207,SETTLEMENT_DEBIT,CORR-LOAN-001167,EVT-LOAN-001167
LOAN-001194,456184,SUCCESS,2024-01-15T12:55Z,UTR-LOAN-001194-270,SETTLEMENT_DEBIT,CORR-LOAN-001194,EVT-LOAN-001194
LOAN-001212,177288,SUCCESS,2024-01-15T09:53Z,UTR-LOAN-001212-91,SETTLEMENT_DEBIT,CORR-LOAN-001212,EVT-LOAN-001212
LOAN-001214,671388,SUCCESS,2024-01-15T17:45Z,UTR-LOAN-001214-320,SETTLEMENT_DEBIT,CORR-LOAN-001214,EVT-LOAN-001214
LOAN-001228,793256,SUCCESS,2024-01-15T16:00Z,UTR-LOAN-001228-958,SETTLEMENT_DEBIT,CORR-LOAN-001228,EVT-LOAN-001228
LOAN-001242,330360,SUCCESS,2024-01-15T11:15Z,UTR-LOAN-001242-235,SETTLEMENT_DEBIT,CORR-LOAN-001242,EVT-LOAN-001242
LOAN-001244,898378,SUCCESS,2024-01-15T12:46Z,UTR-LOAN-001244-176,SETTLEMENT_DEBIT,CORR-LOAN-001244,EVT-LOAN-001244
LOAN-001245,124811,SUCCESS,2024-01-15T17:02Z,UTR-LOAN-001245-654,SETTLEMENT_DEBIT,CORR-LOAN-001245,EVT-LOAN-001245
LOAN-001247,783063,SUCCESS,2024-01-15T11:56Z,UTR-LOAN-001247-49,SETTLEMENT_DEBIT,CORR-LOAN-001247,EVT-LOAN-001247
LOAN-001250,477786,SUCCESS,2024-01-15T10:58Z,UTR-LOAN-001250-535,SETTLEMENT_DEBIT,CORR-LOAN-001250,EVT-LOAN-001250
LOAN-001253,369575,SUCCESS,2024-01-15T13:29Z,UTR-LOAN-001253-800,SETTLEMENT_DEBIT,CORR-LOAN-001253,EVT-LOAN-001253
LOAN-001266,185046,SUCCESS,2024-01-15T17:13Z,UTR-LOAN-001266-764,SETTLEMENT_DEBIT,CORR-LOAN-001266,EVT-LOAN-001266
LOAN-001272,262349,SUCCESS,2024-01-15T15:18Z,UTR-LOAN-001272-343,SETTLEMENT_DEBIT,CORR-LOAN-001272,EVT-LOAN-001272
LOAN-001279,433268,SUCCESS,2024-01-15T14:54Z,UTR-LOAN-001279-513,SETTLEMENT_DEBIT,CORR-LOAN-001279,EVT-LOAN-001279
LOAN-001292,511696,SUCCESS,2024-01-15T14:38Z,UTR-LOAN-001292-501,SETTLEMENT_DEBIT,CORR-LOAN-001292,EVT-LOAN-001292
LOAN-001293,847420,SUCCESS,2024-01-15T10:34Z,UTR-LOAN-001293-756,SETTLEMENT_DEBIT,CORR-LOAN-001293,EVT-LOAN-001293
LOAN-001294,101351,SUCCESS,2024-01-15T12:07Z,UTR-LOAN-001294-79,SETTLEMENT_DEBIT,CORR-LOAN-001294,EVT-LOAN-001294
LOAN-001321,984059,SUCCESS,2024-01-15T09:10Z,UTR-LOAN-001321-210,SETTLEMENT_DEBIT,CORR-LOAN-001321,EVT-LOAN-001321
LOAN-001328,562652,SUCCESS,2024-01-15T15:07Z,UTR-LOAN-001328-161,SETTLEMENT_DEBIT,CORR-LOAN-001328,EVT-LOAN-001328
LOAN-001342,122816,SUCCESS,2024-01-15T14:09Z,UTR-LOAN-001342-448,SETTLEMENT_DEBIT,CORR-LOAN-001342,EVT-LOAN-001342
LOAN-001343,764436,SUCCESS,2024-01-15T14:19Z,UTR-LOAN-001343-926,SETTLEMENT_DEBIT,CORR-LOAN-001343,EVT-LOAN-001343
LOAN-001344,176729,SUCCESS,2024-01-15T11:07Z,UTR-LOAN-001344-553,SETTLEMENT_DEBIT,CORR-LOAN-001344,EVT-LOAN-001344
LOAN-001370,362179,SUCCESS,2024-01-15T14:24Z,UTR-LOAN-001370-702,SETTLEMENT_DEBIT,CORR-LOAN-001370,EVT-LOAN-001370
LOAN-001388,935915,SUCCESS,2024-01-15T14:00Z,UTR-LOAN-001388-742,SETTLEMENT_DEBIT,CORR-LOAN-001388,EVT-LOAN-001388
LOAN-001391,943922,SUCCESS,2024-01-15T14:10Z,UTR-LOAN-001391-601,SETTLEMENT_DEBIT,CORR-LOAN-001391,EVT-LOAN-001391
LOAN-001410,515431,SUCCESS,2024-01-15T11:28Z,UTR-LOAN-001410-614,SETTLEMENT_DEBIT,CORR-LOAN-001410,EVT-LOAN-001410
LOAN-001413,305190,SUCCESS,2024-01-15T16:41Z,UTR-LOAN-001413-302,SETTLEMENT_DEBIT,CORR-LOAN-001413,EVT-LOAN-001413
LOAN-001425,687518,SUCCESS,2024-01-15T10:03Z,UTR-LOAN-001425-878,SETTLEMENT_DEBIT,CORR-LOAN-001425,EVT-LOAN-001425
LOAN-001432,581677,SUCCESS,2024-01-15T10:31Z,UTR-LOAN-001432-766,SETTLEMENT_DEBIT,CORR-LOAN-001432,EVT-LOAN-001432
LOAN-001439,978436,SUCCESS,2024-01-15T15:41Z,UTR-LOAN-001439-790,SETTLEMENT_DEBIT,CORR-LOAN-001439,EVT-LOAN-001439
LOAN-001459,529375,SUCCESS,2024-01-15T15:29Z,UTR-LOAN-001459-54,SETTLEMENT_DEBIT,CORR-LOAN-001459,EVT-LOAN-001459
LOAN-001473,649731,SUCCESS,2024-01-15T09:06Z,UTR-LOAN-001473-965,SETTLEMENT_DEBIT,CORR-LOAN-001473,EVT-LOAN-001473
LOAN-001492,911444,SUCCESS,2024-01-15T13:05Z,UTR-LOAN-001492-782,SETTLEMENT_DEBIT,CORR-LOAN-001492,EVT-LOAN-001492
LOAN-001493,196064,SUCCESS,2024-01-15T14:43Z,UTR-LOAN-001493-444,SETTLEMENT_DEBIT,CORR-LOAN-001493,EVT-LOAN-001493
LOAN-001497,347837,SUCCESS,2024-01-15T15:58Z,UTR-LOAN-001497-926,SETTLEMENT_DEBIT,CORR-LOAN-001497,EVT-LOAN-001497
LOAN-001505,832398,SUCCESS,2024-01-15T16:07Z,UTR-LOAN-001505-363,SETTLEMENT_DEBIT,CORR-LOAN-001505,EVT-LOAN-001505
LOAN-001506,227476,SUCCESS,2024-01-15T11:34Z,UTR-LOAN-001506-520,SETTLEMENT_DEBIT,CORR-LOAN-001506,EVT-LOAN-001506
LOAN-001527,920560,SUCCESS,2024-01-15T12:49Z,UTR-LOAN-001527-394,SETTLEMENT_DEBIT,CORR-LOAN-001527,EVT-LOAN-001527
LOAN-001530,682806,SUCCESS,2024-01-15T13:12Z,UTR-LOAN-001530-813,SETTLEMENT_DEBIT,CORR-LOAN-001530,EVT-LOAN-001530
LOAN-001542,628249,SUCCESS,2024-01-15T11:43Z,UTR-LOAN-001542-749,SETTLEMENT_DEBIT,CORR-LOAN-001542,EVT-LOAN-001542
LOAN-001557,966507,SUCCESS,2024-01-15T15:15Z,UTR-LOAN-001557-529,SETTLEMENT_DEBIT,CORR-LOAN-001557,EVT-LOAN-001557
LOAN-001560,369624,SUCCESS,2024-01-15T16:41Z,UTR-LOAN-001560-274,SETTLEMENT_DEBIT,CORR-LOAN-001560,EVT-LOAN-001560
LOAN-001583,229045,SUCCESS,2024-01-15T14:35Z,UTR-LOAN-001583-676,SETTLEMENT_DEBIT,CORR-LOAN-001583,EVT-LOAN-001583
LOAN-001600,835586,SUCCESS,2024-01-15T09:53Z,UTR-LOAN-001600-974,SETTLEMENT_DEBIT,CORR-LOAN-001600,EVT-LOAN-001600
LOAN-001624,356041,SUCCESS,2024-01-15T11:28Z,UTR-LOAN-001624-132,SETTLEMENT_DEBIT,CORR-LOAN-001624,EVT-LOAN-001624
LOAN-001636,172924,SUCCESS,2024-01-15T16:55Z,UTR-LOAN-001636-603,SETTLEMENT_DEBIT,CORR-LOAN-001636,EVT-LOAN-001636
LOAN-001645,423330,SUCCESS,2024-01-15T11:32Z,UTR-LOAN-001645-529,SETTLEMENT_DEBIT,CORR-LOAN-001645,EVT-LOAN-001645
LOAN-001646,463390,SUCCESS,2024-01-15T13:01Z,UTR-LOAN-001646-827,SETTLEMENT_DEBIT,CORR-LOAN-001646,EVT-LOAN-001646
LOAN-001655,341494,SUCCESS,2024-01-15T12:25Z,UTR-LOAN-001655-515,SETTLEMENT_DEBIT,CORR-LOAN-001655,EVT-LOAN-001655
LOAN-001660,796793,SUCCESS,2024-01-15T12:54Z,UTR-LOAN-001660-348,SETTLEMENT_DEBIT,CORR-LOAN-001660,EVT-LOAN-001660
LOAN-001679,818481,SUCCESS,2024-01-15T12:52Z,UTR-LOAN-001679-340,SETTLEMENT_DEBIT,CORR-LOAN-001679,EVT-LOAN-001679
LOAN-001685,410201,SUCCESS,2024-01-15T13:36Z,UTR-LOAN-001685-204,SETTLEMENT_DEBIT,CORR-LOAN-001685,EVT-LOAN-001685
LOAN-001686,651752,SUCCESS,2024-01-15T13:43Z,UTR-LOAN-001686-598,SETTLEMENT_DEBIT,CORR-LOAN-001686,EVT-LOAN-001686
LOAN-001696,101382,SUCCESS,2024-01-15T12:59Z,UTR-LOAN-001696-986,SETTLEMENT_DEBIT,CORR-LOAN-001696,EVT-LOAN-001696
LOAN-001720,625746,SUCCESS,2024-01-15T13:10Z,UTR-LOAN-001720-506,SETTLEMENT_DEBIT,CORR-LOAN-001720,EVT-LOAN-001720
LOAN-001755,223859,SUCCESS,2024-01-15T09:49Z,UTR-LOAN-001755-212,SETTLEMENT_DEBIT,CORR-LOAN-001755,EVT-LOAN-001755
LOAN-001757,499531,SUCCESS,2024-01-15T16:43Z,UTR-LOAN-001757-224,SETTLEMENT_DEBIT,CORR-LOAN-001757,EVT-LOAN-001757
LOAN-001758,798947,SUCCESS,2024-01-15T13:21Z,UTR-LOAN-001758-97,SETTLEMENT_DEBIT,CORR-LOAN-001758,EVT-LOAN-001758
LOAN-001761,162384,SUCCESS,2024-01-15T11:59Z,UTR-LOAN-001761-630,SETTLEMENT_DEBIT,CORR-LOAN-001761,EVT-LOAN-001761
LOAN-001768,825870,SUCCESS,2024-01-15T14:52Z,UTR-LOAN-001768-601,SETTLEMENT_DEBIT,CORR-LOAN-001768,EVT-LOAN-001768
LOAN-001780,796587,SUCCESS,2024-01-15T11:13Z,UTR-LOAN-001780-206,SETTLEMENT_DEBIT,CORR-LOAN-001780,EVT-LOAN-001780
LOAN-001781,310865,SUCCESS,2024-01-15T14:03Z,UTR-LOAN-001781-603,SETTLEMENT_DEBIT,CORR-LOAN-001781,EVT-LOAN-001781
LOAN-001784,856568,SUCCESS,2024-01-15T10:49Z,UTR-LOAN-001784-249,SETTLEMENT_DEBIT,CORR-LOAN-001784,EVT-LOAN-001784
LOAN-001806,111240,SUCCESS,2024-01-15T11:43Z,UTR-LOAN-001806-575,SETTLEMENT_DEBIT,CORR-LOAN-001806,EVT-LOAN-001806
LOAN-001820,235394,SUCCESS,2024-01-15T11:00Z,UTR-LOAN-001820-879,SETTLEMENT_DEBIT,CORR-LOAN-001820,EVT-LOAN-001820
LOAN-001825,894157,SUCCESS,2024-01-15T13:16Z,UTR-LOAN-001825-871,SETTLEMENT_DEBIT,CORR-LOAN-001825,EVT-LOAN-001825
LOAN-001829,299739,SUCCESS,2024-01-15T15:10Z,UTR-LOAN-001829-762,SETTLEMENT_DEBIT,CORR-LOAN-001829,EVT-LOAN-001829
LOAN-001840,352927,SUCCESS,2024-01-15T11:18Z,UTR-LOAN-001840-402,SETTLEMENT_DEBIT,CORR-LOAN-001840,EVT-LOAN-001840
LOAN-001847,125052,SUCCESS,2024-01-15T17:16Z,UTR-LOAN-001847-533,SETTLEMENT_DEBIT,CORR-LOAN-001847,EVT-LOAN-001847
LOAN-001870,485216,SUCCESS,2024-01-15T12:33Z,UTR-LOAN-001870-53,SETTLEMENT_DEBIT,CORR-LOAN-001870,EVT-LOAN-001870
LOAN-001883,791410,SUCCESS,2024-01-15T12:46Z,UTR-LOAN-001883-938,SETTLEMENT_DEBIT,CORR-LOAN-001883,EVT-LOAN-001883
LOAN-001884,652180,SUCCESS,2024-01-15T11:11Z,UTR-LOAN-001884-751,SETTLEMENT_DEBIT,CORR-LOAN-001884,EVT-LOAN-001884
LOAN-001890,139228,SUCCESS,2024-01-15T17:04Z,UTR-LOAN-001890-847,SETTLEMENT_DEBIT,CORR-LOAN-001890,EVT-LOAN-001890
LOAN-001898,216528,SUCCESS,2024-01-15T12:51Z,UTR-LOAN-001898-652,SETTLEMENT_DEBIT,CORR-LOAN-001898,EVT-LOAN-001898
LOAN-001900,195914,SUCCESS,2024-01-15T12:23Z,UTR-LOAN-001900-604,SETTLEMENT_DEBIT,CORR-LOAN-001900,EVT-LOAN-001900
LOAN-001901,616361,SUCCESS,2024-01-15T16:09Z,UTR-LOAN-001901-330,SETTLEMENT_DEBIT,CORR-LOAN-001901,EVT-LOAN-001901
LOAN-001910,319675,SUCCESS,2024-01-15T17:21Z,UTR-LOAN-001910-115,SETTLEMENT_DEBIT,CORR-LOAN-001910,EVT-LOAN-001910
LOAN-001916,475296,SUCCESS,2024-01-15T12:32Z,UTR-LOAN-001916-975,SETTLEMENT_DEBIT,CORR-LOAN-001916,EVT-LOAN-001916
LOAN-001919,116062,SUCCESS,2024-01-15T10:26Z,UTR-LOAN-001919-865,SETTLEMENT_DEBIT,CORR-LOAN-001919,EVT-LOAN-001919
LOAN-001921,998614,SUCCESS,2024-01-15T10:34Z,UTR-LOAN-001921-127,SETTLEMENT_DEBIT,CORR-LOAN-001921,EVT-LOAN-001921
LOAN-001923,270325,SUCCESS,2024-01-15T14:28Z,UTR-LOAN-001923-636,SETTLEMENT_DEBIT,CORR-LOAN-001923,EVT-LOAN-001923
LOAN-001959,522926,SUCCESS,2024-01-15T16:33Z,UTR-LOAN-001959-872,SETTLEMENT_DEBIT,CORR-LOAN-001959,EVT-LOAN-001959
LOAN-001965,485319,SUCCESS,2024-01-15T15:11Z,UTR-LOAN-001965-38,SETTLEMENT_DEBIT,CORR-LOAN-001965,EVT-LOAN-001965
LOAN-001981,560536,SUCCESS,2024-01-15T11:07Z,UTR-LOAN-001981-604,SETTLEMENT_DEBIT,CORR-LOAN-001981,EVT-LOAN-001981
LOAN-001991,979015,SUCCESS,2024-01-15T14:08Z,UTR-LOAN-001991-970,SETTLEMENT_DEBIT,CORR-LOAN-001991,EVT-LOAN-001991
LOAN-001996,540087,SUCCESS,2024-01-15T15:21Z,UTR-LOAN-001996-143,SETTLEMENT_DEBIT,CORR-LOAN-001996,EVT-LOAN-001996
