# batch_id=B-PARTNER_BETA-LMS-20240117,partner_code=PARTNER_BETA,business_date=2024-01-17,declared_count=233,declared_amount_paise=135058256
loan_reference,amount_paise,status,timestamp,utr_reference,event_type,correlation_id,business_event_id
LOAN-000002,577182,SUCCESS,2024-01-17T14:32Z,UTR-LOAN-000002-32,LMS_BOOKING,CORR-LOAN-000002,EVT-LOAN-000002
LOAN-000027,790150,SUCCESS,2024-01-17T10:42Z,UTR-LOAN-000027-305,LMS_BOOKING,CORR-LOAN-000027,EVT-LOAN-000027
LOAN-000036,680452,SUCCESS,2024-01-17T15:29Z,UTR-LOAN-000036-788,LMS_BOOKING,CORR-LOAN-000036,EVT-LOAN-000036
LOAN-000040,399243,SUCCESS,2024-01-17T13:40Z,UTR-LOAN-000040-800,LMS_BOOKING,CORR-LOAN-000040,EVT-LOAN-000040
LOAN-000044,738842,SUCCESS,2024-01-17T14:03Z,UTR-LOAN-000044-557,LMS_BOOKING,CORR-LOAN-000044,EVT-LOAN-000044
LOAN-000048,582165,SUCCESS,2024-01-17T14:54Z,UTR-LOAN-000048-945,LMS_BOOKING,CORR-LOAN-000048,EVT-LOAN-000048
LOAN-000079,365553,SUCCESS,2024-01-17T12:32Z,UTR-LOAN-000079-838,LMS_BOOKING,CORR-LOAN-000079,EVT-LOAN-000079
LOAN-000094,928388,SUCCESS,2024-01-17T13:54Z,UTR-LOAN-000094-754,LMS_BOOKING,CORR-LOAN-000094,EVT-LOAN-000094
LOAN-000107,804408,SUCCESS,2024-01-17T10:23Z,UTR-LOAN-000107-485,LMS_BOOKING,CORR-LOAN-000107,EVT-LOAN-000107
LOAN-000119,615145,SUCCESS,2024-01-17T16:10Z,UTR-LOAN-000119-429,LMS_BOOKING,CORR-LOAN-000119,EVT-LOAN-000119
LOAN-000137,147177,SUCCESS,2024-01-17T10:22Z,UTR-LOAN-000137-737,LMS_BOOKING,CORR-LOAN-000137,EVT-LOAN-000137
LOAN-000143,279676,SUCCESS,2024-01-17T18:04Z,UTR-LOAN-000143-750,LMS_BOOKING,CORR-LOAN-000143,EVT-LOAN-000143
LOAN-000159,820831,SUCCESS,2024-01-17T15:20Z,UTR-LOAN-000159-182,LMS_BOOKING,CORR-LOAN-000159,EVT-LOAN-000159
LOAN-000169,982609,SUCCESS,2024-01-17T17:19Z,UTR-LOAN-000169-145,LMS_BOOKING,CORR-LOAN-000169,EVT-LOAN-000169
LOAN-000185,661469,SUCCESS,2024-01-17T18:26Z,UTR-LOAN-000185-67,LMS_BOOKING,CORR-LOAN-000185,EVT-LOAN-000185
LOAN-000188,870378,SUCCESS,2024-01-17T10:46Z,UTR-LOAN-000188-232,LMS_BOOKING,CORR-LOAN-000188,EVT-LOAN-000188
LOAN-000202,352404,SUCCESS,2024-01-17T12:24Z,UTR-LOAN-000202-588,LMS_BOOKING,CORR-LOAN-000202,EVT-LOAN-000202
LOAN-000203,709640,SUCCESS,2024-01-17T12:33Z,UTR-LOAN-000203-123,LMS_BOOKING,CORR-LOAN-000203,EVT-LOAN-000203
LOAN-000206,103189,SUCCESS,2024-01-17T17:12Z,UTR-LOAN-000206-938,LMS_BOOKING,CORR-LOAN-000206,EVT-LOAN-000206
LOAN-000212,737683,SUCCESS,2024-01-17T14:31Z,UTR-LOAN-000212-164,LMS_BOOKING,CORR-LOAN-000212,EVT-LOAN-000212
LOAN-000213,604789,SUCCESS,2024-01-17T11:06Z,UTR-LOAN-000213-865,LMS_BOOKING,CORR-LOAN-000213,EVT-LOAN-000213
LOAN-000234,897770,SUCCESS,2024-01-17T10:41Z,UTR-LOAN-000234-122,LMS_BOOKING,CORR-LOAN-000234,EVT-LOAN-000234
LOAN-000239,878570,SUCCESS,2024-01-17T16:34Z,UTR-LOAN-000239-792,LMS_BOOKING,CORR-LOAN-000239,EVT-LOAN-000239
LOAN-000243,385167,SUCCESS,2024-01-17T12:09Z,UTR-LOAN-000243-31,LMS_BOOKING,CORR-LOAN-000243,EVT-LOAN-000243
LOAN-000249,877333,SUCCESS,2024-01-17T17:27Z,UTR-LOAN-000249-786,LMS_BOOKING,CORR-LOAN-000249,EVT-LOAN-000249
LOAN-000252,742288,SUCCESS,2024-01-17T17:41Z,UTR-LOAN-000252-884,LMS_BOOKING,CORR-LOAN-000252,EVT-LOAN-000252
LOAN-000298,417310,SUCCESS,2024-01-17T12:37Z,UTR-LOAN-000298-702,LMS_BOOKING,CORR-LOAN-000298,EVT-LOAN-000298
LOAN-000303,347592,SUCCESS,2024-01-17T15:23Z,UTR-LOAN-000303-28,LMS_BOOKING,CORR-LOAN-000303,EVT-LOAN-000303
LOAN-000308,246596,SUCCESS,2024-01-17T13:26Z,UTR-LOAN-000308-205,LMS_BOOKING,CORR-LOAN-000308,EVT-LOAN-000308
LOAN-000312,392133,SUCCESS,2024-01-17T11:12Z,UTR-LOAN-000312-794,LMS_BOOKING,CORR-LOAN-000312,EVT-LOAN-000312
LOAN-000318,200031,SUCCESS,2024-01-17T14:27Z,UTR-LOAN-000318-672,LMS_BOOKING,CORR-LOAN-000318,EVT-LOAN-000318
LOAN-000340,381229,SUCCESS,2024-01-17T13:00Z,UTR-LOAN-000340-868,LMS_BOOKING,CORR-LOAN-000340,EVT-LOAN-000340
LOAN-000341,332531,SUCCESS,2024-01-17T15:21Z,UTR-LOAN-000341-412,LMS_BOOKING,CORR-LOAN-000341,EVT-LOAN-000341
LOAN-000345,516487,SUCCESS,2024-01-17T13:38Z,UTR-LOAN-000345-889,LMS_BOOKING,CORR-LOAN-000345,EVT-LOAN-000345
LOAN-000351,725172,SUCCESS,2024-01-17T10:26Z,UTR-LOAN-000351-379,LMS_BOOKING,CORR-LOAN-000351,EVT-LOAN-000351
LOAN-000368,230987,SUCCESS,2024-01-17T12:55Z,UTR-LOAN-000368-967,LMS_BOOKING,CORR-LOAN-000368,EVT-LOAN-000368
LOAN-000370,875614,SUCCESS,2024-01-17T18:14Z,UTR-LOAN-000370-974,LMS_BOOKING,CORR-LOAN-000370,EVT-LOAN-000370
LOAN-000389,810166,SUCCESS,2024-01-17T13:55Z,UTR-LOAN-000389-376,LMS_BOOKING,CORR-LOAN-000389,EVT-LOAN-000389
LOAN-000414,522239,SUCCESS,2024-01-17T12:34Z,UTR-LOAN-000414-33,LMS_BOOKING,CORR-LOAN-000414,EVT-LOAN-000414
LOAN-000415,546848,SUCCESS,2024-01-17T10:49Z,UTR-LOAN-000415-492,LMS_BOOKING,CORR-LOAN-000415,EVT-LOAN-000415
LOAN-000422,298676,SUCCESS,2024-01-17T17:31Z,UTR-LOAN-000422-320,LMS_BOOKING,CORR-LOAN-000422,EVT-LOAN-000422
LOAN-000424,735095,SUCCESS,2024-01-17T16:56Z,UTR-LOAN-000424-305,LMS_BOOKING,CORR-LOAN-000424,EVT-LOAN-000424
LOAN-000434,936738,SUCCESS,2024-01-17T13:08Z,UTR-LOAN-000434-606,LMS_BOOKING,CORR-LOAN-000434,EVT-LOAN-000434
LOAN-000435,931539,SUCCESS,2024-01-17T17:09Z,UTR-LOAN-000435-957,LMS_BOOKING,CORR-LOAN-000435,EVT-LOAN-000435
LOAN-000440,273591,SUCCESS,2024-01-17T15:39Z,UTR-LOAN-000440-910,LMS_BOOKING,CORR-LOAN-000440,EVT-LOAN-000440
LOAN-000456,627352,SUCCESS,2024-01-17T16:31Z,UTR-LOAN-000456-866,LMS_BOOKING,CORR-LOAN-000456,EVT-LOAN-000456
LOAN-000463,987143,SUCCESS,2024-01-17T13:57Z,UTR-LOAN-000463-556,LMS_BOOKING,CORR-LOAN-000463,EVT-LOAN-000463
LOAN-000468,910407,SUCCESS,2024-01-17T18:29Z,UTR-LOAN-000468-747,LMS_BOOKING,CORR-LOAN-000468,EVT-LOAN-000468
LOAN-000484,143600,SUCCESS,2024-01-17T10:19Z,UTR-LOAN-000484-988,LMS_BOOKING,CORR-LOAN-000484,EVT-LOAN-000484
LOAN-000503,800508,SUCCESS,2024-01-17T14:19Z,UTR-LOAN-000503-216,LMS_BOOKING,CORR-LOAN-000503,EVT-LOAN-000503
LOAN-000508,823927,SUCCESS,2024-01-17T12:02Z,UTR-LOAN-000508-263,LMS_BOOKING,CORR-LOAN-000508,EVT-LOAN-000508
LOAN-000523,395496,SUCCESS,2024-01-17T14:34Z,UTR-LOAN-000523-721,LMS_BOOKING,CORR-LOAN-000523,EVT-LOAN-000523
LOAN-000550,834578,SUCCESS,2024-01-17T16:36Z,UTR-LOAN-000550-346,LMS_BOOKING,CORR-LOAN-000550,EVT-LOAN-000550
LOAN-000554,632700,SUCCESS,2024-01-17T14:16Z,UTR-LOAN-000554-836,LMS_BOOKING,CORR-LOAN-000554,EVT-LOAN-000554
LOAN-000555,729840,SUCCESS,2024-01-17T15:33Z,UTR-LOAN-000555-552,LMS_BOOKING,CORR-LOAN-000555,EVT-LOAN-000555
LOAN-000557,633900,SUCCESS,2024-01-17T09:55Z,UTR-LOAN-000557-7,LMS_BOOKING,CORR-LOAN-000557,EVT-LOAN-000557
LOAN-000563,978505,SUCCESS,2024-01-17T14:03Z,UTR-LOAN-000563-161,LMS_BOOKING,CORR-LOAN-000563,EVT-LOAN-000563
LOAN-000569,271074,SUCCESS,2024-01-17T15:02Z,UTR-LOAN-000569-362,LMS_BOOKING,CORR-LOAN-000569,EVT-LOAN-000569
LOAN-000576,365628,SUCCESS,2024-01-17T13:10Z,UTR-LOAN-000576-907,LMS_BOOKING,CORR-LOAN-000576,EVT-LOAN-000576
LOAN-000579,413854,SUCCESS,2024-01-17T09:53Z,UTR-LOAN-000579-438,LMS_BOOKING,CORR-LOAN-000579,EVT-LOAN-000579
LOAN-000580,455540,SUCCESS,2024-01-17T10:01Z,UTR-LOAN-000580-580,LMS_BOOKING,CORR-LOAN-000580,EVT-LOAN-000580
LOAN-000589,645094,SUCCESS,2024-01-17T13:33Z,UTR-LOAN-000589-584,LMS_BOOKING,CORR-LOAN-000589,EVT-LOAN-000589
LOAN-000590,474222,SUCCESS,2024-01-17T15:21Z,UTR-LOAN-000590-46,LMS_BOOKING,CORR-LOAN-000590,EVT-LOAN-000590
LOAN-000593,887526,SUCCESS,2024-01-17T17:21Z,UTR-LOAN-000593-405,LMS_BOOKING,CORR-LOAN-000593,EVT-LOAN-000593
LOAN-000609,280936,SUCCESS,2024-01-17T12:26Z,UTR-LOAN-000609-191,LMS_BOOKING,CORR-LOAN-000609,EVT-LOAN-000609
LOAN-000614,724493,SUCCESS,2024-01-17T13:56Z,UTR-LOAN-000614-95,LMS_BOOKING,CORR-LOAN-000614,EVT-LOAN-000614
LOAN-000628,197884,SUCCESS,2024-01-17T17:16Z,UTR-LOAN-000628-659,LMS_BOOKING,CORR-LOAN-000628,EVT-LOAN-000628
LOAN-000637,686025,SUCCESS,2024-01-17T15:47Z,UTR-LOAN-000637-239,LMS_BOOKING,CORR-LOAN-000637,EVT-LOAN-000637
LOAN-000661,381546,SUCCESS,2024-01-17T17:36Z,UTR-LOAN-000661-671,LMS_BOOKING,CORR-LOAN-000661,EVT-LOAN-000661
LOAN-000668,840089,SUCCESS,2024-01-17T09:42Z,UTR-LOAN-000668-10,LMS_BOOKING,CORR-LOAN-000668,EVT-LOAN-000668
LOAN-000669,471048,SUCCESS,2024-01-17T13:20Z,UTR-LOAN-000669-745,LMS_BOOKING,CORR-LOAN-000669,EVT-LOAN-000669
LOAN-000670,525015,SUCCESS,2024-01-17T16:34Z,UTR-LOAN-000670-433,LMS_BOOKING,CORR-LOAN-000670,EVT-LOAN-000670
LOAN-000683,304772,SUCCESS,2024-01-17T14:47Z,UTR-LOAN-000683-378,LMS_BOOKING,CORR-LOAN-000683,EVT-LOAN-000683
LOAN-000685,843136,SUCCESS,2024-01-17T16:46Z,UTR-LOAN-000685-24,LMS_BOOKING,CORR-LOAN-000685,EVT-LOAN-000685
LOAN-000695,268274,SUCCESS,2024-01-17T15:09Z,UTR-LOAN-000695-154,LMS_BOOKING,CORR-LOAN-000695,EVT-LOAN-000695
LOAN-000699,645668,SUCCESS,2024-01-17T17:27Z,UTR-LOAN-000699-108,LMS_BOOKING,CORR-LOAN-000699,EVT-LOAN-000699
LOAN-000707,111575,SUCCESS,2024-01-17T13:52Z,UTR-LOAN-000707-854,LMS_BOOKING,CORR-LOAN-000707,EVT-LOAN-000707
LOAN-000711,985247,SUCCESS,2024-01-17T16:30Z,UTR-LOAN-000711-527,LMS_BOOKING,CORR-LOAN-000711,EVT-LOAN-000711
LOAN-000737,848073,SUCCESS,2024-01-17T16:39Z,UTR-LOAN-000737-945,LMS_BOOKING,CORR-LOAN-000737,EVT-LOAN-000737
LOAN-000748,844461,SUCCESS,2024-01-17T15:46Z,UTR-LOAN-000748-227,LMS_BOOKING,CORR-LOAN-000748,EVT-LOAN-000748
LOAN-000753,856735,SUCCESS,2024-01-17T14:36Z,UTR-LOAN-000753-285,LMS_BOOKING,CORR-LOAN-000753,EVT-LOAN-000753
LOAN-000754,682609,SUCCESS,2024-01-17T16:22Z,UTR-LOAN-000754-481,LMS_BOOKING,CORR-LOAN-000754,EVT-LOAN-000754
LOAN-000756,830238,SUCCESS,2024-01-17T17:01Z,UTR-LOAN-000756-235,LMS_BOOKING,CORR-LOAN-000756,EVT-LOAN-000756
LOAN-000759,751049,SUCCESS,2024-01-17T14:19Z,UTR-LOAN-000759-643,LMS_BOOKING,CORR-LOAN-000759,EVT-LOAN-000759
LOAN-000762,282883,SUCCESS,2024-01-17T11:07Z,UTR-LOAN-000762-251,LMS_BOOKING,CORR-LOAN-000762,EVT-LOAN-000762
LOAN-000799,850194,SUCCESS,2024-01-17T12:22Z,UTR-LOAN-000799-894,LMS_BOOKING,CORR-LOAN-000799,EVT-LOAN-000799
LOAN-000807,807752,SUCCESS,2024-01-17T18:13Z,UTR-LOAN-000807-449,LMS_BOOKING,CORR-LOAN-000807,EVT-LOAN-000807
LOAN-000812,963128,SUCCESS,2024-01-17T15:16Z,UTR-LOAN-000812-598,LMS_BOOKING,CORR-LOAN-000812,EVT-LOAN-000812
LOAN-000816,460473,SUCCESS,2024-01-17T18:30Z,UTR-LOAN-000816-727,LMS_BOOKING,CORR-LOAN-000816,EVT-LOAN-000816
LOAN-000844,304801,SUCCESS,2024-01-17T15:05Z,UTR-LOAN-000844-134,LMS_BOOKING,CORR-LOAN-000844,EVT-LOAN-000844
LOAN-000862,475822,SUCCESS,2024-01-17T13:05Z,UTR-LOAN-000862-593,LMS_BOOKING,CORR-LOAN-000862,EVT-LOAN-000862
LOAN-000869,571137,SUCCESS,2024-01-17T11:46Z,UTR-LOAN-000869-716,LMS_BOOKING,CORR-LOAN-000869,EVT-LOAN-000869
LOAN-000871,479949,SUCCESS,2024-01-17T15:27Z,UTR-LOAN-000871-512,LMS_BOOKING,CORR-LOAN-000871,EVT-LOAN-000871
LOAN-000880,863470,SUCCESS,2024-01-17T14:10Z,UTR-LOAN-000880-104,LMS_BOOKING,CORR-LOAN-000880,EVT-LOAN-000880
LOAN-000883,484554,SUCCESS,2024-01-17T15:49Z,UTR-LOAN-000883-388,LMS_BOOKING,CORR-LOAN-000883,EVT-LOAN-000883
LOAN-000888,982021,SUCCESS,2024-01-17T10:49Z,UTR-LOAN-000888-658,LMS_BOOKING,CORR-LOAN-000888,EVT-LOAN-000888
LOAN-000900,608182,SUCCESS,2024-01-17T13:11Z,UTR-LOAN-000900-980,LMS_BOOKING,CORR-LOAN-000900,EVT-LOAN-000900
LOAN-000901,439198,SUCCESS,2024-01-17T13:16Z,UTR-LOAN-000901-203,LMS_BOOKING,CORR-LOAN-000901,EVT-LOAN-000901
LOAN-000911,743846,SUCCESS,2024-01-17T12:46Z,UTR-LOAN-000911-561,LMS_BOOKING,CORR-LOAN-000911,EVT-LOAN-000911
LOAN-000924,539344,SUCCESS,2024-01-17T16:08Z,UTR-LOAN-000924-461,LMS_BOOKING,CORR-LOAN-000924,EVT-LOAN-000924
LOAN-000941,107208,SUCCESS,2024-01-17T14:09Z,UTR-LOAN-000941-313,LMS_BOOKING,CORR-LOAN-000941,EVT-LOAN-000941
LOAN-000945,787698,SUCCESS,2024-01-17T15:48Z,UTR-LOAN-000945-398,LMS_BOOKING,CORR-LOAN-000945,EVT-LOAN-000945
LOAN-000951,385631,SUCCESS,2024-01-17T11:58Z,UTR-LOAN-000951-733,LMS_BOOKING,CORR-LOAN-000951,EVT-LOAN-000951
LOAN-000964,461141,SUCCESS,2024-01-17T09:27Z,UTR-LOAN-000964-558,LMS_BOOKING,CORR-LOAN-000964,EVT-LOAN-000964
LOAN-000965,858991,SUCCESS,2024-01-17T17:00Z,UTR-LOAN-000965-438,LMS_BOOKING,CORR-LOAN-000965,EVT-LOAN-000965
LOAN-000985,887458,SUCCESS,2024-01-17T14:08Z,UTR-LOAN-000985-391,LMS_BOOKING,CORR-LOAN-000985,EVT-LOAN-000985
LOAN-000988,662034,SUCCESS,2024-01-17T14:18Z,UTR-LOAN-000988-813,LMS_BOOKING,CORR-LOAN-000988,EVT-LOAN-000988
LOAN-000998,368504,SUCCESS,2024-01-17T11:53Z,UTR-LOAN-000998-740,LMS_BOOKING,CORR-LOAN-000998,EVT-LOAN-000998
LOAN-001018,761578,SUCCESS,2024-01-17T16:15Z,UTR-LOAN-001018-561,LMS_BOOKING,CORR-LOAN-001018,EVT-LOAN-001018
LOAN-001019,787163,SUCCESS,2024-01-17T10:14Z,UTR-LOAN-001019-695,LMS_BOOKING,CORR-LOAN-001019,EVT-LOAN-001019
LOAN-001020,676198,SUCCESS,2024-01-17T13:38Z,UTR-LOAN-001020-101,LMS_BOOKING,CORR-LOAN-001020,EVT-LOAN-001020
LOAN-001022,746818,SUCCESS,2024-01-17T14:48Z,UTR-LOAN-001022-628,LMS_BOOKING,CORR-LOAN-001022,EVT-LOAN-001022
LOAN-001026,561000,SUCCESS,2024-01-17T12:14Z,UTR-LOAN-001026-175,LMS_BOOKING,CORR-LOAN-001026,EVT-LOAN-001026
LOAN-001032,865754,SUCCESS,2024-01-17T15:32Z,UTR-LOAN-001032-748,LMS_BOOKING,CORR-LOAN-001032,EVT-LOAN-001032
LOAN-001046,449077,SUCCESS,2024-01-17T13:10Z,UTR-LOAN-001046-488,LMS_BOOKING,CORR-LOAN-001046,EVT-LOAN-001046
LOAN-001058,935666,SUCCESS,2024-01-17T13:20Z,UTR-LOAN-001058-75,LMS_BOOKING,CORR-LOAN-001058,EVT-LOAN-001058
LOAN-001077,643836,SUCCESS,2024-01-17T15:42Z,UTR-LOAN-001077-116,LMS_BOOKING,CORR-LOAN-001077,EVT-LOAN-001077
LOAN-001095,887822,SUCCESS,2024-01-17T13:51Z,UTR-LOAN-001095-622,LMS_BOOKING,CORR-LOAN-001095,EVT-LOAN-001095
LOAN-001098,866694,SUCCESS,2024-01-17T14:42Z,UTR-LOAN-001098-324,LMS_BOOKING,CORR-LOAN-001098,EVT-LOAN-001098
LOAN-001099,357896,SUCCESS,2024-01-17T15:30Z,UTR-LOAN-001099-162,LMS_BOOKING,CORR-LOAN-001099,EVT-LOAN-001099
LOAN-001111,522456,SUCCESS,2024-01-17T11:38Z,UTR-LOAN-001111-205,LMS_BOOKING,CORR-LOAN-001111,EVT-LOAN-001111
LOAN-001129,524507,SUCCESS,2024-01-17T12:16Z,UTR-LOAN-001129-736,LMS_BOOKING,CORR-LOAN-001129,EVT-LOAN-001129
LOAN-001133,804882,SUCCESS,2024-01-17T11:05Z,UTR-LOAN-001133-134,LMS_BOOKING,CORR-LOAN-001133,EVT-LOAN-001133
LOAN-001148,228362,SUCCESS,2024-01-17T15:38Z,UTR-LOAN-001148-782,LMS_BOOKING,CORR-LOAN-001148,EVT-LOAN-001148
LOAN-001150,689238,SUCCESS,2024-01-17T11:07Z,UTR-LOAN-001150-468,LMS_BOOKING,CORR-LOAN-001150,EVT-LOAN-001150
LOAN-001158,698870,SUCCESS,2024-01-17T13:06Z,UTR-LOAN-001158-520,LMS_BOOKING,CORR-LOAN-001158,EVT-LOAN-001158
LOAN-001165,785488,SUCCESS,2024-01-17T14:41Z,UTR-LOAN-001165-859,LMS_BOOKING,CORR-LOAN-001165,EVT-LOAN-001165
LOAN-001170,723798,SUCCESS,2024-01-17T16:57Z,UTR-LOAN-001170-67,LMS_BOOKING,CORR-LOAN-001170,EVT-LOAN-001170
LOAN-001174,840511,SUCCESS,2024-01-17T18:03Z,UTR-LOAN-001174-678,LMS_BOOKING,CORR-LOAN-001174,EVT-LOAN-001174
LOAN-001178,127119,SUCCESS,2024-01-17T12:30Z,UTR-LOAN-001178-826,LMS_BOOKING,CORR-LOAN-001178,EVT-LOAN-001178
LOAN-001191,553727,SUCCESS,2024-01-17T16:10Z,UTR-LOAN-001191-273,LMS_BOOKING,CORR-LOAN-001191,EVT-LOAN-001191
LOAN-001204,857024,SUCCESS,2024-01-17T10:44Z,UTR-LOAN-001204-217,LMS_BOOKING,CORR-LOAN-001204,EVT-LOAN-001204
LOAN-001208,868712,SUCCESS,2024-01-17T11:04Z,UTR-LOAN-001208-153,LMS_BOOKING,CORR-LOAN-001208,EVT-LOAN-001208
LOAN-001211,140002,SUCCESS,2024-01-17T17:52Z,UTR-LOAN-001211-797,LMS_BOOKING,CORR-LOAN-001211,EVT-LOAN-001211
LOAN-001229,115442,SUCCESS,2024-01-17T16:10Z,UTR-LOAN-001229-571,LMS_BOOKING,CORR-LOAN-001229,EVT-LOAN-001229
LOAN-001233,540823,SUCCESS,2024-01-17T16:05Z,UTR-LOAN-001233-306,LMS_BOOKING,CORR-LOAN-001233,EVT-LOAN-001233
LOAN-001234,244831,SUCCESS,2024-01-17T11:47Z,UTR-LOAN-001234-479,LMS_BOOKING,CORR-LOAN-001234,EVT-LOAN-001234
LOAN-001236,970433,SUCCESS,2024-01-17T12:54Z,UTR-LOAN-001236-823,LMS_BOOKING,CORR-LOAN-001236,EVT-LOAN-001236
LOAN-001241,937983,SUCCESS,2024-01-17T16:42Z,UTR-LOAN-001241-839,LMS_BOOKING,CORR-LOAN-001241,EVT-LOAN-001241
LOAN-001258,938372,SUCCESS,2024-01-17T13:43Z,UTR-LOAN-001258-50,LMS_BOOKING,CORR-LOAN-001258,EVT-LOAN-001258
LOAN-001263,276717,SUCCESS,2024-01-17T14:41Z,UTR-LOAN-001263-106,LMS_BOOKING,CORR-LOAN-001263,EVT-LOAN-001263
LOAN-001265,183987,SUCCESS,2024-01-17T12:09Z,UTR-LOAN-001265-860,LMS_BOOKING,CORR-LOAN-001265,EVT-LOAN-001265
LOAN-001267,950907,SUCCESS,2024-01-17T14:16Z,UTR-LOAN-001267-80,LMS_BOOKING,CORR-LOAN-001267,EVT-LOAN-001267
LOAN-001269,794073,SUCCESS,2024-01-17T13:53Z,UTR-LOAN-001269-792,LMS_BOOKING,CORR-LOAN-001269,EVT-LOAN-001269
LOAN-001276,535054,SUCCESS,2024-01-17T13:51Z,UTR-LOAN-001276-144,LMS_BOOKING,CORR-LOAN-001276,EVT-LOAN-001276
LOAN-001301,146064,SUCCESS,2024-01-17T16:12Z,UTR-LOAN-001301-996,LMS_BOOKING,CORR-LOAN-001301,EVT-LOAN-001301
LOAN-001305,626779,SUCCESS,2024-01-17T17:16Z,UTR-LOAN-001305-163,LMS_BOOKING,CORR-LOAN-001305,EVT-LOAN-001305
LOAN-001323,429413,SUCCESS,2024-01-17T10:51Z,UTR-LOAN-001323-189,LMS_BOOKING,CORR-LOAN-001323,EVT-LOAN-001323
LOAN-001325,198372,SUCCESS,2024-01-17T16:38Z,UTR-LOAN-001325-603,LMS_BOOKING,CORR-LOAN-001325,EVT-LOAN-001325
LOAN-001330,794986,SUCCESS,2024-01-17T17:31Z,UTR-LOAN-001330-341,LMS_BOOKING,CORR-LOAN-001330,EVT-LOAN-001330
LOAN-001347,174102,SUCCESS,2024-01-17T16:22Z,UTR-LOAN-001347-199,LMS_BOOKING,CORR-LOAN-001347,EVT-LOAN-001347
LOAN-001353,355277,SUCCESS,2024-01-17T13:30Z,UTR-LOAN-001353-164,LMS_BOOKING,CORR-LOAN-001353,EVT-LOAN-001353
LOAN-001354,353428,SUCCESS,2024-01-17T15:29Z,UTR-LOAN-001354-866,LMS_BOOKING,CORR-LOAN-001354,EVT-LOAN-001354
LOAN-001355,874815,SUCCESS,2024-01-17T13:58Z,UTR-LOAN-001355-863,LMS_BOOKING,CORR-LOAN-001355,EVT-LOAN-001355
LOAN-001374,440894,SUCCESS,2024-01-17T14:44Z,UTR-LOAN-001374-537,LMS_BOOKING,CORR-LOAN-001374,EVT-LOAN-001374
LOAN-001381,603112,SUCCESS,2024-01-17T09:36Z,UTR-LOAN-001381-39,LMS_BOOKING,CORR-LOAN-001381,EVT-LOAN-001381
LOAN-001386,439363,SUCCESS,2024-01-17T13:00Z,UTR-LOAN-001386-417,LMS_BOOKING,CORR-LOAN-001386,EVT-LOAN-001386
LOAN-001389,920538,SUCCESS,2024-01-17T12:12Z,UTR-LOAN-001389-167,LMS_BOOKING,CORR-LOAN-001389,EVT-LOAN-001389
LOAN-001401,156307,SUCCESS,2024-01-17T16:23Z,UTR-LOAN-001401-231,LMS_BOOKING,CORR-LOAN-001401,EVT-LOAN-001401
LOAN-001403,567281,SUCCESS,2024-01-17T16:10Z,UTR-LOAN-001403-650,LMS_BOOKING,CORR-LOAN-001403,EVT-LOAN-001403
LOAN-001404,279185,SUCCESS,2024-01-17T14:48Z,UTR-LOAN-001404-881,LMS_BOOKING,CORR-LOAN-001404,EVT-LOAN-001404
LOAN-001407,226589,SUCCESS,2024-01-17T16:43Z,UTR-LOAN-001407-260,LMS_BOOKING,CORR-LOAN-001407,EVT-LOAN-001407
LOAN-001412,520621,SUCCESS,2024-01-17T16:06Z,UTR-LOAN-001412-370,LMS_BOOKING,CORR-LOAN-001412,EVT-LOAN-001412
LOAN-001415,713036,SUCCESS,2024-01-17T12:10Z,UTR-LOAN-001415-475,LMS_BOOKING,CORR-LOAN-001415,EVT-LOAN-001415
LOAN-001416,304590,SUCCESS,2024-01-17T17:00Z,UTR-LOAN-001416-589,LMS_BOOKING,CORR-LOAN-001416,EVT-LOAN-001416
LOAN-001423,709880,SUCCESS,2024-01-17T15:43Z,UTR-LOAN-001423-78,LMS_BOOKING,CORR-LOAN-001423,EVT-LOAN-001423
LOAN-001430,465972,SUCCESS,2024-01-17T09:59Z,UTR-LOAN-001430-146,LMS_BOOKING,CORR-LOAN-001430,EVT-LOAN-001430
LOAN-001443,700094,SUCCESS,2024-01-17T11:34Z,UTR-LOAN-001443-540,LMS_BOOKING,CORR-LOAN-001443,EVT-LOAN-001443
LOAN-001451,764824,SUCCESS,2024-01-17T16:02Z,UTR-LOAN-001451-735,LMS_BOOKING,CORR-LOAN-001451,EVT-LOAN-001451
LOAN-001453,891352,SUCCESS,2024-01-17T15:50Z,UTR-LOAN-001453-700,LMS_BOOKING,CORR-LOAN-001453,EVT-LOAN-001453
LOAN-001454,695714,SUCCESS,2024-01-17T11:22Z,UTR-LOAN-001454-125,LMS_BOOKING,CORR-LOAN-001454,EVT-LOAN-001454
LOAN-001468,861711,SUCCESS,2024-01-17T15:02Z,UTR-LOAN-001468-806,LMS_BOOKING,CORR-LOAN-001468,EVT-LOAN-001468
LOAN-001469,406392,SUCCESS,2024-01-17T13:32Z,UTR-LOAN-001469-841,LMS_BOOKING,CORR-LOAN-001469,EVT-LOAN-001469
LOAN-001478,940778,SUCCESS,2024-01-17T12:29Z,UTR-LOAN-001478-221,LMS_BOOKING,CORR-LOAN-001478,EVT-LOAN-001478
LOAN-001481,271848,SUCCESS,2024-01-17T13:51Z,UTR-LOAN-001481-735,LMS_BOOKING,CORR-LOAN-001481,EVT-LOAN-001481
LOAN-001499,610324,SUCCESS,2024-01-17T11:02Z,UTR-LOAN-001499-327,LMS_BOOKING,CORR-LOAN-001499,EVT-LOAN-001499
LOAN-001502,787978,SUCCESS,2024-01-17T17:45Z,UTR-LOAN-001502-89,LMS_BOOKING,CORR-LOAN-001502,EVT-LOAN-001502
LOAN-001512,967888,SUCCESS,2024-01-17T09:52Z,UTR-LOAN-001512-497,LMS_BOOKING,CORR-LOAN-001512,EVT-LOAN-001512
LOAN-001517,527102,SUCCESS,2024-01-17T09:56Z,UTR-LOAN-001517-752,LMS_BOOKING,CORR-LOAN-001517,EVT-LOAN-001517
LOAN-001535,389541,SUCCESS,2024-01-17T15:24Z,UTR-LOAN-001535-983,LMS_BOOKING,CORR-LOAN-001535,EVT-LOAN-001535
LOAN-001541,652400,SUCCESS,2024-01-17T11:56Z,UTR-LOAN-001541-364,LMS_BOOKING,CORR-LOAN-001541,EVT-LOAN-001541
LOAN-001547,270276,SUCCESS,2024-01-17T13:48Z,UTR-LOAN-001547-426,LMS_BOOKING,CORR-LOAN-001547,EVT-LOAN-001547
LOAN-001548,313376,SUCCESS,2024-01-17T17:00Z,UTR-LOAN-001548-464,LMS_BOOKING,CORR-LOAN-001548,EVT-LOAN-001548
LOAN-001550,929687,SUCCESS,2024-01-17T15:27Z,UTR-LOAN-001550-159,LMS_BOOKING,CORR-LOAN-001550,EVT-LOAN-001550
LOAN-001556,433821,SUCCESS,2024-01-17T11:24Z,UTR-LOAN-001556-914,LMS_BOOKING,CORR-LOAN-001556,EVT-LOAN-001556
LOAN-001558,964142,SUCCESS,2024-01-17T12:49Z,UTR-LOAN-001558-552,LMS_BOOKING,CORR-LOAN-001558,EVT-LOAN-001558
LOAN-001581,676652,SUCCESS,2024-01-17T16:29Z,UTR-LOAN-001581-316,LMS_BOOKING,CORR-LOAN-001581,EVT-LOAN-001581
LOAN-001587,121204,SUCCESS,2024-01-17T11:42Z,UTR-LOAN-001587-491,LMS_BOOKING,CORR-LOAN-001587,EVT-LOAN-001587
LOAN-001597,298000,SUCCESS,2024-01-17T17:56Z,UTR-LOAN-001597-454,LMS_BOOKING,CORR-LOAN-001597,EVT-LOAN-001597
LOAN-001603,903497,SUCCESS,2024-01-17T14:56Z,UTR-LOAN-001603-975,LMS_BOOKING,CORR-LOAN-001603,EVT-LOAN-001603
LOAN-001604,664193,SUCCESS,2024-01-17T17:23Z,UTR-LOAN-001604-415,LMS_BOOKING,CORR-LOAN-001604,EVT-LOAN-001604
LOAN-001606,683056,SUCCESS,2024-01-17T17:59Z,UTR-LOAN-001606-622,LMS_BOOKING,CORR-LOAN-001606,EVT-LOAN-001606
LOAN-001618,300666,SUCCESS,2024-01-17T16:30Z,UTR-LOAN-001618-498,LMS_BOOKING,CORR-LOAN-001618,EVT-LOAN-001618
LOAN-001629,378731,SUCCESS,2024-01-17T15:25Z,UTR-LOAN-001629-348,LMS_BOOKING,CORR-LOAN-001629,EVT-LOAN-001629
LOAN-001630,142583,SUCCESS,2024-01-17T14:28Z,UTR-LOAN-001630-265,LMS_BOOKING,CORR-LOAN-001630,EVT-LOAN-001630
LOAN-001633,737039,SUCCESS,2024-01-17T13:13Z,UTR-LOAN-001633-789,LMS_BOOKING,CORR-LOAN-001633,EVT-LOAN-001633
LOAN-001634,883042,SUCCESS,2024-01-17T15:41Z,UTR-LOAN-001634-613,LMS_BOOKING,CORR-LOAN-001634,EVT-LOAN-001634
LOAN-001638,846398,SUCCESS,2024-01-17T12:58Z,UTR-LOAN-001638-998,LMS_BOOKING,CORR-LOAN-001638,EVT-LOAN-001638
LOAN-001641,201286,SUCCESS,2024-01-17T10:25Z,UTR-LOAN-001641-327,LMS_BOOKING,CORR-LOAN-001641,EVT-LOAN-001641
LOAN-001642,106545,SUCCESS,2024-01-17T10:47Z,UTR-LOAN-001642-606,LMS_BOOKING,CORR-LOAN-001642,EVT-LOAN-001642
LOAN-001657,695489,SUCCESS,2024-01-17T10:25Z,UTR-LOAN-001657-879,LMS_BOOKING,CORR-LOAN-001657,EVT-LOAN-001657
LOAN-001668,519096,SUCCESS,2024-01-17T14:24Z,UTR-LOAN-001668-289,LMS_BOOKING,CORR-LOAN-001668,EVT-LOAN-001668
LOAN-001670,744911,SUCCESS,2024-01-17T15:05Z,UTR-LOAN-001670-679,LMS_BOOKING,CORR-LOAN-001670,EVT-LOAN-001670
LOAN-001711,743753,SUCCESS,2024-01-17T13:46Z,UTR-LOAN-001711-939,LMS_BOOKING,CORR-LOAN-001711,EVT-LOAN-001711
LOAN-001714,422062,SUCCESS,2024-01-17T17:26Z,UTR-LOAN-001714-552,LMS_BOOKING,CORR-LOAN-001714,EVT-LOAN-001714
LOAN-001723,167232,SUCCESS,2024-01-17T18:21Z,UTR-LOAN-001723-277,LMS_BOOKING,CORR-LOAN-001723,EVT-LOAN-001723
LOAN-001726,128909,SUCCESS,2024-01-17T14:59Z,UTR-LOAN-001726-64,LMS_BOOKING,CORR-LOAN-001726,EVT-LOAN-001726
LOAN-001733,247675,SUCCESS,2024-01-17T12:12Z,UTR-LOAN-001733-950,LMS_BOOKING,CORR-LOAN-001733,EVT-LOAN-001733
LOAN-001766,966477,SUCCESS,2024-01-17T13:08Z,UTR-LOAN-001766-448,LMS_BOOKING,CORR-LOAN-001766,EVT-LOAN-001766
LOAN-001800,725506,SUCCESS,2024-01-17T10:45Z,UTR-LOAN-001800-958,LMS_BOOKING,CORR-LOAN-001800,EVT-LOAN-001800
LOAN-001817,553047,SUCCESS,2024-01-17T18:41Z,UTR-LOAN-001817-281,LMS_BOOKING,CORR-LOAN-001817,EVT-LOAN-001817
LOAN-001834,663284,SUCCESS,2024-01-17T11:59Z,UTR-LOAN-001834-841,LMS_BOOKING,CORR-LOAN-001834,EVT-LOAN-001834
LOAN-001841,759717,SUCCESS,2024-01-17T17:10Z,UTR-LOAN-001841-750,LMS_BOOKING,CORR-LOAN-001841,EVT-LOAN-001841
LOAN-001842,164399,SUCCESS,2024-01-17T16:11Z,UTR-LOAN-001842-409,LMS_BOOKING,CORR-LOAN-001842,EVT-LOAN-001842
LOAN-001874,540461,SUCCESS,2024-01-17T13:21Z,UTR-LOAN-001874-44,LMS_BOOKING,CORR-LOAN-001874,EVT-LOAN-001874
LOAN-001887,708569,SUCCESS,2024-01-17T16:01Z,UTR-LOAN-001887-9,LMS_BOOKING,CORR-LOAN-001887,EVT-LOAN-001887
LOAN-001893,774768,SUCCESS,2024-01-17T10:25Z,UTR-LOAN-001893-610,LMS_BOOKING,CORR-LOAN-001893,EVT-LOAN-001893
LOAN-001894,957147,SUCCESS,2024-01-17T14:46Z,UTR-LOAN-001894-850,LMS_BOOKING,CORR-LOAN-001894,EVT-LOAN-001894
LOAN-001897,191148,SUCCESS,2024-01-17T13:53Z,UTR-LOAN-001897-118,LMS_BOOKING,CORR-LOAN-001897,EVT-LOAN-001897
LOAN-001911,687939,SUCCESS,2024-01-17T11:42Z,UTR-LOAN-001911-573,LMS_BOOKING,CORR-LOAN-001911,EVT-LOAN-001911
LOAN-001912,537674,SUCCESS,2024-01-17T17:28Z,UTR-LOAN-001912-693,LMS_BOOKING,CORR-LOAN-001912,EVT-LOAN-001912
LOAN-001913,173615,SUCCESS,2024-01-17T14:44Z,UTR-LOAN-001913-862,LMS_BOOKING,CORR-LOAN-001913,EVT-LOAN-001913
LOAN-001926,196923,SUCCESS,2024-01-17T17:01Z,UTR-LOAN-001926-3,LMS_BOOKING,CORR-LOAN-001926,EVT-LOAN-001926
LOAN-001928,600425,SUCCESS,2024-01-17T11:51Z,UTR-LOAN-001928-127,LMS_BOOKING,CORR-LOAN-001928,EVT-LOAN-001928
LOAN-001942,449020,SUCCESS,2024-01-17T14:14Z,UTR-LOAN-001942-954,LMS_BOOKING,CORR-LOAN-001942,EVT-LOAN-001942
LOAN-001951,975398,SUCCESS,2024-01-17T10:57Z,UTR-LOAN-001951-50,LMS_BOOKING,CORR-LOAN-001951,EVT-LOAN-001951
LOAN-001955,205892,SUCCESS,2024-01-17T14:16Z,UTR-LOAN-001955-461,LMS_BOOKING,CORR-LOAN-001955,EVT-LOAN-001955
LOAN-001958,111038,SUCCESS,2024-01-17T12:57Z,UTR-LOAN-001958-703,LMS_BOOKING,CORR-LOAN-001958,EVT-LOAN-001958
LOAN-001963,569510,SUCCESS,2024-01-17T13:43Z,UTR-LOAN-001963-120,LMS_BOOKING,CORR-LOAN-001963,EVT-LOAN-001963
LOAN-001979,726031,SUCCESS,2024-01-17T11:26Z,UTR-LOAN-001979-130,LMS_BOOKING,CORR-LOAN-001979,EVT-LOAN-001979
LOAN-001980,665182,SUCCESS,2024-01-17T14:14Z,UTR-LOAN-001980-987,LMS_BOOKING,CORR-LOAN-001980,EVT-LOAN-001980
LOAN-001982,267285,SUCCESS,2024-01-17T12:06Z,UTR-LOAN-001982-903,LMS_BOOKING,CORR-LOAN-001982,EVT-LOAN-001982
LOAN-002000,484849,SUCCESS,2024-01-17T17:31Z,UTR-LOAN-002000-4,LMS_BOOKING,CORR-LOAN-002000,EVT-LOAN-002000
