# batch_id=B-PARTNER_BETA-LMS-20240115,partner_code=PARTNER_BETA,business_date=2024-01-15,declared_count=9,declared_amount_paise=5426956
loan_reference,amount_paise,status,timestamp,utr_reference,event_type,correlation_id,business_event_id
LOAN-000022,297878,SUCCESS,2024-01-15T13:25Z,UTR-LOAN-000022-911,LMS_BOOKING,CORR-LOAN-000022,EVT-LOAN-000022
LOAN-000026,721054,SUCCESS,2024-01-15T11:42Z,UTR-LOAN-000026-633,LMS_BOOKING,CORR-LOAN-000026,EVT-LOAN-000026
LOAN-000029,685132,SUCCESS,2024-01-15T10:59Z,UTR-LOAN-000029-541,LMS_BOOKING,CORR-LOAN-000029,EVT-LOAN-000029
LOAN-000031,306011,SUCCESS,2024-01-15T16:50Z,UTR-LOAN-000031-217,LMS_BOOKING,CORR-LOAN-000031,EVT-LOAN-000031
LOAN-000036,724371,SUCCESS,2024-01-15T12:11Z,UTR-LOAN-000036-190,LMS_BOOKING,CORR-LOAN-000036,EVT-LOAN-000036
LOAN-000039,793855,SUCCESS,2024-01-15T14:46Z,UTR-LOAN-000039-665,LMS_BOOKING,CORR-LOAN-000039,EVT-LOAN-000039
LOAN-000040,821155,SUCCESS,2024-01-15T10:36Z,UTR-LOAN-000040-427,LMS_BOOKING,CORR-LOAN-000040,EVT-LOAN-000040
LOAN-000079,740141,SUCCESS,2024-01-15T11:28Z,UTR-LOAN-000079-705,LMS_BOOKING,CORR-LOAN-000079,EVT-LOAN-000079
LOAN-000087,337359,SUCCESS,2024-01-15T10:37Z,UTR-LOAN-000087-295,LMS_BOOKING,CORR-LOAN-000087,EVT-LOAN-000087
